{"stats":{"minecraft:dropped":{"minecraft:stone":1},"minecraft:custom":{"minecraft:jump":49,"minecraft:time_since_rest":5136,"minecraft:leave_game":1,"minecraft:crouch_one_cm":57,"minecraft:deaths":1,"minecraft:sprint_one_cm":7927,"minecraft:play_time":11060,"minecraft:damage_taken":120,"minecraft:time_since_death":5104,"minecraft:walk_one_cm":11696,"minecraft:sneak_time":1125,"minecraft:total_world_time":11060,"minecraft:drop":1,"minecraft:fall_one_cm":1455,"minecraft:fly_one_cm":330464},"minecraft:used":{"minecraft:cobblestone_wall":7,"minecraft:stone":108,"minecraft:cobblestone":9,"minecraft:spruce_fence":10,"minecraft:stripped_spruce_log":5,"minecraft:lantern":3},"minecraft:picked_up":{"minecraft:stone":1}},"DataVersion":3465}