{"stats":{"minecraft:used":{"minecraft:totem_of_undying":5,"minecraft:golden_apple":7,"alexsmobs:spawn_egg_bone_serpent":1,"alexsmobs:spawn_egg_void_worm":1,"alexsmobs:spawn_egg_froststalker":1},"minecraft:custom":{"minecraft:time_since_rest":8002,"minecraft:sprint_one_cm":83602,"minecraft:damage_absorbed":312,"minecraft:damage_taken":1299,"minecraft:walk_one_cm":56245,"minecraft:mob_kills":44,"minecraft:drop":10,"minecraft:damage_dealt":14098,"minecraft:fly_one_cm":657556,"minecraft:open_barrel":2,"minecraft:open_chest":1,"minecraft:crouch_one_cm":86,"minecraft:play_time":49039,"minecraft:deaths":2,"minecraft:sneak_time":1632,"minecraft:walk_under_water_one_cm":2091,"minecraft:jump":378,"minecraft:leave_game":1,"minecraft:time_since_death":7952,"minecraft:walk_on_water_one_cm":4699,"minecraft:total_world_time":49039,"minecraft:fall_one_cm":10650},"minecraft:dropped":{"alexscaves:waste_drum":1,"minecraft:deepslate_brick_wall":4,"minecraft:raw_iron":1,"minecraft:chain":3,"alexsmobs:spawn_egg_seal":2,"minecraft:end_stone":35,"minecraft:smooth_stone":3,"minecraft:polished_deepslate":36},"minecraft:mined":{"minecraft:glass_pane":3,"minecraft:fire":4},"minecraft:picked_up":{"minecraft:polished_andesite_stairs":3,"minecraft:raw_iron":5,"minecraft:end_stone":438,"minecraft:chiseled_polished_blackstone":3,"minecraft:iron_trapdoor":1,"minecraft:deepslate_brick_wall":8,"minecraft:polished_deepslate_stairs":9,"minecraft:raw_iron_block":1,"minecraft:ochre_froglight":5,"alexscaves:uranium":31,"minecraft:chain":6,"minecraft:polished_deepslate_wall":20,"minecraft:redstone":11,"minecraft:polished_deepslate":72,"minecraft:stone_stairs":1,"minecraft:andesite_wall":6,"cataclysm:koboleton_bone":1,"minecraft:spruce_fence_gate":3,"alexsmobs:spawn_egg_seal":1,"minecraft:smooth_stone":6,"minecraft:deepslate_bricks":74,"minecraft:polished_basalt":21,"minecraft:iron_ingot":17,"minecraft:redstone_torch":3,"cataclysm:the_incinerator":1,"minecraft:totem_of_undying":1,"minecraft:polished_blackstone":3,"minecraft:deepslate_tile_wall":5,"minecraft:powered_rail":5,"minecraft:deepslate_brick_stairs":14,"minecraft:mutton":2,"alexscaves:uranium_shard":16,"minecraft:iron_bars":12,"cataclysm:stone_pillar":47,"minecraft:rail":1},"minecraft:killed":{"minecraft:sheep":1,"cataclysm:the_prowler":1,"alexscaves:tremorzilla":1,"cataclysm:the_watcher":6,"cataclysm:koboleton":1}},"DataVersion":3465}